{"TX":0,"RX":1,"PAA_TX":0,"PAA_RX":0,"Delay":[[2.82747212E-8,4.4466141E-8,3.92453892E-8,2.99909964E-8,2.9984335E-8,4.55723388E-8,4.55767228E-8,9.45918E-8,4.04993905E-8,4.04944558E-8,5.21342329E-8,3.46216744E-8,3.46216744E-8],[3.19734177E-8,3.68189177E-8,4.19885708E-8,3.35007364E-8,3.34947714E-8,3.81475189E-8,3.81527556E-8,9.57624522E-8,4.57861695E-8,4.31629488E-8,4.31583196E-8,3.77027831E-8,3.77027831E-8],[1.74823551E-8,5.02777766E-8,2.0140325E-8,2.01304022E-8,8.35003E-8,5.12626066E-8,6.08739086E-8,5.12587093E-8,2.65486939E-8,2.65486939E-8],[2.29885231E-8,2.93565243E-8,5.24470636E-8,2.50693475E-8,2.5061377E-8,5.55340236E-8,3.10129913E-8,3.10065467E-8,8.48241655E-8,5.33918936E-8,5.33881526E-8,1.43471354E-7,3.04577199E-8,3.04577199E-8],[7.66284103E-9,1.21515953E-7,6.13385893E-8,1.25983783E-8,1.25825093E-8,7.02865606E-8,7.24148066E-8,1.21925083E-7,1.21926732E-7,6.21483949E-8,6.21451761E-8,1.23210967E-7,1.32061345E-7,2.1399055E-8,2.1399055E-8],[1.67797101E-8,1.10972486E-7,6.31289367E-8,1.95335268E-8,1.9523295E-8,6.57160228E-8,7.39374286E-8,1.11420341E-7,1.11422132E-7,6.39160547E-8,6.39129283E-8,1.12826E-7,1.42608258E-7,2.60913602E-8,2.60913602E-8],[2.69673439E-8,1.00431556E-7,2.87617397E-8,2.87547923E-8,7.68922774E-8,1.00926201E-7,1.00928176E-7,1.5315635E-7,3.35624506E-8,3.35624506E-8],[3.73598219E-8,8.98940584E-8,4.25508055E-8,3.86750081E-8,3.86698389E-8,9.21724279E-8,9.04463491E-8,9.04485589E-8,4.37100773E-8,4.37055085E-8,1.63705408E-7,4.23669277E-8,4.23669277E-8],[4.78237823E-8,7.93613566E-8,5.19800842E-8,4.88581E-8,4.88540124E-8,8.19331447E-8,7.99864068E-8,7.99889079E-8,5.29294759E-8,5.29332489E-8,1.74255248E-7,5.18296694E-8,5.18296694E-8],[5.83207651E-8,6.88356678E-8,6.17748057E-8,5.91718816E-8,5.91685065E-8,6.63981865E-8,7.17855357E-8,6.95582401E-8,6.95553695E-8,6.25757721E-8,6.25789625E-8,1.84805742E-7,6.16482936E-8,6.16482936E-8]],"Gain":[[-86.5751877,-99.7778091,-100.122993,-93.9870377,-93.9851074,-106.891251,-106.892082,-118.564293,-107.296188,-107.295135,-111.85968,-102.134186,-102.134186],[-87.6430054,-98.1386414,-100.709846,-94.9483109,-94.9467621,-105.34655,-105.34774,-118.671127,-110.731911,-107.849442,-107.848511,-102.874687,-102.874687],[-82.3992233,-102.274742,-90.5285492,-90.5242691,-117.48098,-109.343239,-113.205849,-109.342575,-99.8280869,-99.8280869],[-84.7774429,-96.1713181,-102.641647,-92.4300842,-92.4273224,-112.408401,-103.548096,-103.546288,-117.617615,-109.696732,-109.696121,-119.792526,-101.021172,-101.021172],[-75.2350159,-108.509888,-104.0019,-86.4535141,-86.4425659,-114.454666,-116.243767,-115.439087,-115.439201,-111.015823,-111.015373,-119.330208,-119.072739,-97.9551163,-97.9551163],[-82.0429077,-107.721527,-104.251793,-90.2628326,-90.2582855,-113.870651,-116.424507,-114.656509,-114.656654,-111.259422,-111.258995,-118.565407,-119.740112,-99.6771545,-99.6771545],[-86.1639862,-106.85463,-93.6235275,-93.6214294,-116.764877,-113.797302,-113.79747,-120.359924,-101.864296,-101.864296],[-88.9953156,-105.891838,-100.825378,-96.1958313,-96.1946716,-116.809242,-112.845039,-112.845253,-107.958855,-107.957947,-120.938484,-103.887764,-103.887764],[-91.1401,-104.809402,-102.563965,-98.2259521,-98.2252274,-115.786415,-111.77755,-111.777817,-109.621178,-109.621796,-121.480942,-105.638794,-105.638794],[-92.8636856,-103.573494,-104.063454,-99.8895264,-99.8890381,-115.490349,-114.637962,-110.564194,-110.563835,-111.075348,-111.07579,-121.991531,-107.145645,-107.145645]],"Phase":[[0,0,0,0,0,0,0,0,0,0,0,0,0],[0,0,0,0,0,0,0,0,0,0,0,0,0],[0,0,0,0,0,0,0,0,0,0],[0,0,0,0,0,0,0,0,0,0,0,0,0,0],[0,0,0,0,0,0,0,0,0,0,0,0,0,0,0],[0,0,0,0,0,0,0,0,0,0,0,0,0,0,0],[0,0,0,0,0,0,0,0,0,0],[0,0,0,0,0,0,0,0,0,0,0,0,0],[0,0,0,0,0,0,0,0,0,0,0,0,0],[0,0,0,0,0,0,0,0,0,0,0,0,0,0]],"AODEL":[[90,90,90,70.5227,109.441269,102.649864,77.3256073,90,75.704834,104.267746,90,125.24649,54.7535095],[90,90,90,72.6324158,107.33493,105.16597,74.8050385,90,90,76.6039886,103.370186,122.001022,57.9989815],[90,90,60.2302132,119.720375,90,78.7509537,90,101.227119,138.814316,41.185688],[90,90,90,66.4909744,113.467094,90,71.1891174,108.775902,90,79.2050705,100.773842,90,130.994858,49.0051384],[90,90,90,37.4623718,142.482239,90,90,94.6951141,85.295517,80.7405548,99.2412415,90,90,159.016907,20.9830971],[90,90,90,59.2068367,120.742744,90,90,95.1389084,84.8508453,80.9987946,98.9835,90,90,139.975616,40.0243912],[90,90,69.6542664,110.308365,90,95.6749191,84.3137817,90,126.534599,53.4653969],[90,90,90,75.0150757,104.956299,90,96.3350143,83.6524,76.7747345,103.199745,90,118.137833,61.8621674],[90,90,90,78.1895676,101.787476,90,97.1675415,82.8182449,100.86834,79.110405,90,112.674377,67.3256226],[90,90,90,80.2703629,99.7105484,90,90,81.7342606,98.2494354,99.1771,80.8048248,90,108.910851,71.0891495]],"AODAZ":[[169.242035,128.659805,172.271362,169.242035,169.242035,128.659805,128.659805,176.801498,172.271362,172.271362,138.2397,169.242035,169.242035],[150.316864,138.97673,157.846649,150.316864,150.316864,138.97673,138.97673,170.483032,148.142,157.846649,157.846649,150.316864,150.316864],[162.428741,173.974426,162.428741,162.428741,176.376114,173.974426,145.222168,173.974426,162.428741,162.428741],[136.468796,124.592285,162.428741,136.468796,136.468796,154.203979,124.592285,124.592285,169.242035,162.428741,162.428741,96.6709518,136.468796,136.468796],[136.468796,92.6204071,175.06398,136.468796,136.468796,150.395554,175.820435,92.6204071,92.6204071,175.06398,175.06398,99.8658066,92.411026,136.468796,136.468796],[109.334808,92.8695679,165.474579,109.334808,109.334808,158.423462,167.634628,92.8695679,92.8695679,165.474579,165.474579,100.784294,92.2326202,109.334808,109.334808],[101.888657,93.1710434,101.888657,101.888657,159.928467,93.1710434,93.1710434,92.0787888,101.888657,101.888657],[98.5518265,93.5432053,119.744881,98.5518265,98.5518265,103.240517,93.5432053,93.5432053,119.744881,119.744881,91.9447784,98.5518265,98.5518265],[96.6709518,94.0141754,113.962486,96.6709518,96.6709518,104.931419,94.0141754,94.0141754,113.962486,113.962486,91.8269958,96.6709518,96.6709518],[95.4662,94.6292343,109.983109,95.4662,95.4662,119.031326,107.10273,94.6292343,94.6292343,109.983109,109.983109,91.7226639,95.4662,95.4662]],"AOAEL":[[90,90,90,70.5227,109.441269,102.649864,77.3256073,90,75.704834,104.267746,90,54.7535095,125.24649],[90,90,90,72.6324158,107.33493,105.16597,74.8050385,90,90,76.6039886,103.370186,57.9989815,122.001022],[90,90,60.2302132,119.720375,90,78.7509537,90,101.227119,41.185688,138.814316],[90,90,90,66.4909744,113.467094,90,71.1891174,108.775902,90,79.2050705,100.773842,90,49.0051384,130.994858],[90,90,90,37.4623718,142.482239,90,90,94.6951141,85.295517,80.7405548,99.2412415,90,90,20.9830971,159.016907],[90,90,90,59.2068367,120.742744,90,90,95.1389084,84.8508453,80.9987946,98.9835,90,90,40.0243912,139.975616],[90,90,69.6542664,110.308365,90,95.6749191,84.3137817,90,53.4653969,126.534599],[90,90,90,75.0150757,104.956299,90,96.3350143,83.6524,76.7747345,103.199745,90,61.8621674,118.137833],[90,90,90,78.1895676,101.787476,90,97.1675415,82.8182449,100.86834,79.110405,90,67.3256226,112.674377],[90,90,90,80.2703629,99.7105484,90,90,81.7342606,98.2494354,99.1771,80.8048248,90,71.0891495,108.910851]],