{"TX":0,"RX":1,"PAA_TX":0,"PAA_RX":0,"Delay":[[4.86111107E-9,4.28770939E-8,4.39225E-8,1.11189209E-8,1.11189209E-8,4.40277788E-8,6.11882385E-8,4.40277788E-8,4.50464874E-8,5.06396205E-8,4.97356041E-8,2.05822843E-8,2.05822843E-8],[9.57527835E-9,4.36634942E-8,3.81155765E-8,1.384507E-8,1.384507E-8,1.77649326E-8,4.47939819E-8,5.71630281E-8,3.94055455E-8,3.94055455E-8,5.13071789E-8,5.55529525E-8,2.21739924E-8,2.21739924E-8],[1.50929473E-8,4.51952644E-8,3.23181659E-8,1.81051671E-8,2.15153015E-8,4.62883563E-8,3.38299238E-8,3.38299238E-8,5.26168975E-8,6.13733349E-8,2.50558791E-8],[2.07837374E-8,4.62166057E-8,2.65365028E-8,2.30643398E-8,2.73110174E-8,2.58277915E-8,4.84435603E-8,2.83581727E-8,2.83581727E-8,5.33051576E-8,6.71959626E-8,2.88437807E-8],[1.20257244E-8,3.51213174E-8,4.5278842E-8,1.56402695E-8,1.56402695E-8,1.71235026E-8,3.65172141E-8,3.65172141E-8,5.60273357E-8,4.63699656E-8,5.84062043E-8,5.09373947E-8,2.33370532E-8,2.33370532E-8],[1.45833337E-8,3.6077175E-8,3.96709545E-8,1.7682579E-8,2.11609237E-8,3.74374487E-8,5.16011021E-8,3.74374487E-8,4.09119139E-8,5.89859326E-8,5.66314213E-8,2.47522447E-8],[1.86757791E-8,3.6706E-8,3.34198518E-8,2.11845403E-8,2.11845403E-8,3.24983773E-8,3.48839E-8,3.92131803E-8,4.74798938E-8,6.01286203E-8,6.23512122E-8,2.73639316E-8],[2.3514918E-8,3.93890467E-8,2.8027582E-8,2.55529127E-8,2.97581142E-8,4.32947367E-8,4.17353583E-8,6.18030569E-8,6.80902659E-8,3.08699093E-8,3.08699093E-8],[1.96619769E-8,4.71774371E-8,2.7378027E-8,2.20588614E-8,2.20588614E-8,2.31341666E-8,2.91471487E-8,2.91471487E-8,4.89095981E-8,6.61754171E-8,5.25472963E-8,2.80462711E-8,2.80462711E-8],[2.13224975E-8,4.19315924E-8,2.8593913E-8,2.35509852E-8,4.59221141E-8,3.02921102E-8,3.02921102E-8,4.3769397E-8,6.66876403E-8,5.87289826E-8,2.92343785E-8],[2.43055549E-8,2.97294545E-8,2.48838194E-8,3.6862744E-8,2.62823132E-8,2.59335273E-8,3.81950507E-8,3.24611E-8,4.2076E-8,3.88255934E-8,6.77004621E-8,6.42623448E-8,3.14763398E-8,3.14763398E-8],[2.81944441E-8,3.40277779E-8,3.26672449E-8,2.99153271E-8,3.54667407E-8,3.30997487E-8,3.78168217E-8,3.41635626E-8,6.91919E-8,6.9844539E-8,3.45677122E-8]],"Gain":[[-71.2819366,-99.7209,-99.9301071,-87.959404,-85.8022919,-102.375404,-111.481392,-104.551636,-102.490372,-110.695396,-110.538895,-100.693802,-100.693802],[-77.1702499,-99.8774,-98.6983719,-89.5254745,-87.5513763,-106.242043,-102.460045,-110.849358,-104.006767,-101.831696,-110.807739,-111.49971,-101.291893,-101.291893],[-81.1227,-100.168198,-97.2651749,-89.4715118,-108.643898,-102.62011,-103.293373,-101.120682,-111.017532,-112.365173,-102.145638],[-83.9016953,-109.507851,-95.5529,-91.0276871,-104.737831,-108.070152,-102.840004,-102.505547,-100.338623,-120.323578,-113.152451,-102.930565],[-79.1494446,-97.987793,-100.190422,-90.2506,-88.4528351,-104.794022,-103.646896,-101.472389,-110.573174,-102.633568,-111.934776,-110.741562,-101.668709,-101.668709],[-80.8243561,-98.2180328,-99.0390778,-89.3115234,-108.66436,-101.584274,-109.983971,-103.75383,-102.005806,-112.019768,-111.663666,-102.067711],[-82.9727936,-107.561623,-96.105835,-91.7388229,-90.4970398,-111.073128,-100.950584,-101.790253,-109.257584,-112.181168,-112.50042,-102.661247],[-84.9740906,-107.954788,-94.5670166,-91.6490936,-100.090317,-106.806335,-102.062523,-112.403519,-113.265854,-103.237251,-103.237251],[-83.4197693,-99.0908279,-95.8243484,-91.9168091,-90.7513657,-102.704765,-102.628639,-100.459335,-102.894775,-113.019531,-109.545151,-102.790718,-102.790718],[-84.1239853,-98.0538864,-96.1938477,-91.1557922,-117.51252,-102.773201,-100.616409,-102.314583,-113.086021,-111.960152,-102.994858],[-85.2613297,-105.583656,-91.5463,-96.9084473,-91.8168945,-109.831711,-101.389084,-100.890167,-108.151611,-103.814011,-113.21373,-112.749413,-103.317207,-103.317207],[-86.5504913,-97.5381165,-97.1907349,-92.5767517,-101.226723,-109.511009,-107.299347,-101.056786,-113.392937,-113.477478,-103.657143]],"Phase":[[0,0,0,0,0,0,0,0,0,0,0,0,0],[0,0,0,0,0,0,0,0,0,0,0,0,0,0],[0,0,0,0,0,0,0,0,0,0,0],[0,0,0,0,0,0,0,0,0,0,0,0],[0,0,0,0,0,0,0,0,0,0,0,0,0,0],[0,0,0,0,0,0,0,0,0,0,0,0],[0,0,0,0,0,0,0,0,0,0,0,0],[0,0,0,0,0,0,0,0,0,0,0],[0,0,0,0,0,0,0,0,0,0,0,0,0],[0,0,0,0,0,0,0,0,0,0,0],[0,0,0,0,0,0,0,0,0,0,0,0,0,0],[0,0,0,0,0,0,0,0,0,0,0]],"AODEL":[[90,90,90,154.075104,25.924902,76.8718796,90,103.12812,77.1738892,90,90,13.6611538,166.338852],[90,90,90,136.242935,43.7570572,124.257057,77.1003418,90,104.700798,75.2992,90,90,25.5834179,154.41658],[90,90,90,56.4730949,44.5473404,77.5236206,107.193298,72.8067,90,90,142.960068],[90,90,90,64.3056793,111.478531,53.5817146,78.0870209,110.648384,69.3516159,90,90,133.899094],[90,90,90,129.745239,50.2547607,125.731857,105.893105,74.1068954,90,77.5459366,90,90,31.0179138,148.982086],[90,90,90,55.5610123,43.5639153,74.5075,90,105.4925,75.8519897,90,90,143.901718],[90,90,90,118.166954,61.8330498,99.4455795,73.3415909,75.2254486,90,90,90,136.960983],[90,90,90,66.9618,70.3640366,90,76.1367722,90,90,49.618042,130.381958],[90,90,90,116.957703,63.0423,115.611137,110.065048,69.9349518,78.202179,90,90,44.5117035,135.488297],[90,90,90,64.8739777,90,109.275993,70.7240067,76.792984,90,90,133.166916],[90,90,102.376183,90,67.6363373,101.867783,74.8222733,72.057579,90,104.925453,90,90,50.5505,129.449493],[90,90,90,70.4714355,73.6231232,99.272438,90,72.9797592,90,90,125.350349]],"AODAZ":[[53.1301041,86.0995,5.07960796,53.1301041,53.1301041,86.0995,44.3562546,86.0995,5.07960796,86.6981354,4.48460579,53.1301041,53.1301041],[23.9624882,78.4398727,5.85601377,23.9624882,23.9624882,53.4214668,78.4398727,48.4473877,5.85601377,5.85601377,80.1807,4.01417589,23.9624882,23.9624882],[14.9314175,71.175293,6.91122723,14.9314175,14.9314175,71.175293,6.91122723,6.91122723,73.9091873,3.63295078,14.9314175],[10.7842979,63.7837448,8.42696857,10.7842979,36.5487595,10.7842979,64.4861298,8.42696857,8.42696857,67.4794464,3.31778121,10.7842979],[75.9637527,85.2363586,14.9314175,75.9637527,75.9637527,57.0682945,85.2363586,85.2363586,38.6598091,14.9314175,87.1375961,13.2405195,75.9637527,75.9637527],[53.1301041,75.9637527,17.1027298,53.1301041,53.1301041,75.9637527,42.7093887,75.9637527,17.1027298,81.4692307,11.8886576,53.1301041],[38.6598091,66.5904388,20.4319038,38.6598091,38.6598091,62.9409828,20.4319038,67.3801346,47.4895515,75.9637527,10.7842979,38.6598091],[29.7448807,58.7794609,24.5984764,29.7448807,24.5984764,53.9411,59.7435646,70.7099533,9.86580658,29.7448807,29.7448807],[81.4692307,24.3403168,83.8845,81.4692307,81.4692307,68.7624512,83.8845,83.8845,23.9624882,87.4738846,21.7179,81.4692307,81.4692307],[65.7722549,27.6273,72.1811142,65.7722549,34.3431778,72.1811142,72.1811142,27.1496811,82.460556,19.3348083,65.7722549],[53.1301041,60.6242599,53.1301041,31.8355026,53.1301041,54.9271355,31.8355026,61.8214111,40.3141,31.2184029,77.5604401,17.6125774,53.1301041,53.1301041],[43.6028175,53.1301041,36.5288544,43.6028175,53.1301041,36.5288544,46.041626,36.5288544,72.8380814,16.1645,43.6028175]],